[
    {
        "groupId": "wtg1380",
        "groupName": "like",
        "isMuted": true,
        "members": [
            {
                "username": "wmg",
                "name": "William M Gorfein",
                "avatar": "/avatar/will_original.png"
            },
            {
                "username": "DivyaJain",
                "name": null,
                "avatar": "/avatar/default.jpg"
            },
            {
                "username": "A24assf",
                "name": null,
                "avatar": "/avatar/default.jpg"
            },
            {
                "username": "sunny23",
                "name": "Johnfh Greta’s r",
                "avatar": "/avatar/sunny23.jpg"
            }
        ],
        "activities": [
            {
                "preference": "dislike",
                "user": {
                    "username": "sunny23",
                    "name": "Johnfh Greta’s r",
                    "avatar": "/avatar/sunny23.jpg"
                },
                "movie": {
                    "imdb_id": "tt0371746",
                    "title": "Iron Man"
                },
                "pref_record_date": "Yesterday"
            },
            {
                "preference": "like",
                "user": {
                    "username": "sunny23",
                    "name": "Johnfh Greta’s r",
                    "avatar": "/avatar/sunny23.jpg"
                },
                "movie": {
                    "imdb_id": "tt2015381",
                    "title": "Guardians of the Galaxy"
                },
                "pref_record_date": "Yesterday"
            }
        ]
    },
    {
        "groupId": "wtg1389",
        "groupName": "Bar3 name,Johnfh Greta’s r William M Gorfein",
        "isMuted": true,
        "members": [
            {
                "username": "wmg",
                "name": "William M Gorfein",
                "avatar": "/avatar/will_original.png"
            },
            {
                "username": "Bar3",
                "name": "Bar3 name",
                "avatar": "/avatar/default.jpg"
            },
            {
                "username": "sunny23",
                "name": "Johnfh Greta’s r",
                "avatar": "/avatar/sunny23.jpg"
            }
        ],
        "activities": []
    }
]