[
    {
        "imdb_id": "tt10872600",
        "title": "Spider-Man: No Way Home",
        "release_date": "2021-12-15",
        "release_year": 2021,
        "cover_image_url": "https://reelrecs.s3.us-east-1.amazonaws.com/static/movies/posters/vertical/compressed/tt10872600.jpg",
        "preference": "like",
        "rating": 5.5,
        "rec_score": 5.5
    },
    {
        "imdb_id": "tt0133093",
        "title": "The Matrix",
        "release_date": "1999-03-31",
        "release_year": 1999,
        "cover_image_url": "https://reelrecs.s3.us-east-1.amazonaws.com/static/movies/posters/vertical/compressed/tt0133093.jpg",
        "preference": "like",
        "rating": 5.6,
        "rec_score": 5.6
    },
    {
        "imdb_id": "tt1751634",
        "title": "The Sandman",
        "release_date": "2022-08-05",
        "release_year": 2022,
        "cover_image_url": "https://reelrecs.s3.us-east-1.amazonaws.com/static/movies/posters/vertical/compressed/tt1751634.jpg",
        "preference": "like",
        "rating": 5.5,
        "rec_score": 5.5
    },
    {
        "imdb_id": "tt0373889",
        "title": "Harry Potter and the Order of the Phoenix",
        "release_date": "2007-07-08",
        "release_year": 2007,
        "cover_image_url": "https://reelrecs.s3.us-east-1.amazonaws.com/static/movies/posters/vertical/compressed/tt0373889.jpg",
        "preference": "like",
        "rating": 5.6,
        "rec_score": 5.6
    },
    {
        "imdb_id": "tt13694706",
        "title": "The Survivalist",
        "release_date": "2021-12-02",
        "release_year": 2021,
        "cover_image_url": "https://reelrecs.s3.us-east-1.amazonaws.com/static/movies/posters/vertical/compressed/tt13694706.jpg",
        "preference": "like",
        "rating": 5.4,
        "rec_score": 5.4
    },
    {
        "imdb_id": "tt0903624",
        "title": "The Hobbit: An Unexpected Journey",
        "release_date": "2012-12-12",
        "release_year": 2012,
        "cover_image_url": "https://reelrecs.s3.us-east-1.amazonaws.com/static/movies/posters/vertical/compressed/tt0903624.jpg",
        "preference": "like",
        "rating": 5.8,
        "rec_score": 5.8
    },
    {
        "imdb_id": "tt0401729",
        "title": "John Carter",
        "release_date": "2012-03-07",
        "release_year": 2012,
        "cover_image_url": "https://reelrecs.s3.us-east-1.amazonaws.com/static/movies/posters/vertical/compressed/tt0401729.jpg",
        "preference": "like",
        "rating": 4.9,
        "rec_score": 4.9
    }
]